{
  "Docking": {
    "Data": [
      "DockSpace ID=0x8B93E3BD Window=0xA787BDB4 Pos=0,19 Size=1024,730 CentralNode=1"
    ]
  },
  "MainWindow": {
    "GLOBAL": {
      "fps": "120",
      "height": "749",
      "maximized": "0",
      "style": "0",
      "userScale": "2",
      "width": "1024",
      "xpos": "86",
      "ypos": "31"
    }
  },
  "Window": {
    "###NetworkTables": {
      "Collapsed": "0",
      "Pos": "250,277",
      "Size": "750,185"
    },
    "###NetworkTables Settings": {
      "Collapsed": "0",
      "Pos": "30,30",
      "Size": "254,77"
    },
    "Debug##Default": {
      "Collapsed": "0",
      "Pos": "60,60",
      "Size": "400,400"
    },
    "DockSpaceViewport_11111111": {
      "Collapsed": "0",
      "Pos": "0,19",
      "Size": "1024,730"
    }
  }
}
