{
  "tabPane": [
    {
      "title": "SmartDashboard",
      "autoPopulate": true,
      "autoPopulatePrefix": "SmartDashboard/",
      "widgetPane": {
        "gridSize": 128.0,
        "showGrid": true,
        "hgap": 16.0,
        "vgap": 16.0,
        "titleType": 0,
        "tiles": {
          "4,1": {
            "size": [
              1,
              1
            ],
            "content": {
              "_type": "Accelerometer",
              "_title": "Accelerometer",
              "_glyph": 148,
              "_showGlyph": false,
              "Visuals/Show text": true,
              "Visuals/Precision": 2,
              "Visuals/Show tick marks": false,
              "Range/Min": -1.0,
              "Range/Max": 1.0
            }
          },
          "5,1": {
            "size": [
              1,
              1
            ],
            "content": {
              "_type": "3-Axis Accelerometer",
              "_title": "3-Axis Accelerometer",
              "_glyph": 148,
              "_showGlyph": false,
              "Accelerometer/Range": "k16G",
              "Visuals/Show value": true,
              "Visuals/Precision": 2,
              "Visuals/Show tick marks": false
            }
          },
          "6,1": {
            "size": [
              2,
              1
            ],
            "content": {
              "_type": "Subsystem Layout",
              "_title": "Subsystem Layout",
              "_glyph": 149,
              "_showGlyph": false,
              "Layout/Label position": "TOP",
              "_children": [
                {
                  "_type": "Basic Subsystem",
                  "_title": "Basic Subsystem",
                  "_glyph": 148,
                  "_showGlyph": false
                }
              ]
            }
          },
          "5,2": {
            "size": [
              3,
              2
            ],
            "content": {
              "_type": "Differential Drivebase",
              "_title": "Differential Drivebase",
              "_glyph": 148,
              "_showGlyph": false,
              "Wheels/Number of wheels": 4,
              "Wheels/Wheel diameter": 80.0,
              "Visuals/Show velocity vectors": true
            }
          },
          "8,2": {
            "size": [
              2,
              1
            ],
            "content": {
              "_type": "Encoder",
              "_title": "Encoder",
              "_glyph": 148,
              "_showGlyph": false
            }
          },
          "8,3": {
            "size": [
              5,
              2
            ],
            "content": {
              "_type": "Field",
              "_title": "Field",
              "_glyph": 148,
              "_showGlyph": false,
              "Game/Game": "A2023_Charged_Up",
              "Visuals/Robot Icon Size": 50.0,
              "Visuals/Show Outside Circles": false
            }
          }
        }
      }
    },
    {
      "title": "LiveWindow",
      "autoPopulate": true,
      "autoPopulatePrefix": "LiveWindow/",
      "widgetPane": {
        "gridSize": 128.0,
        "showGrid": true,
        "hgap": 16.0,
        "vgap": 16.0,
        "titleType": 0,
        "tiles": {}
      }
    }
  ],
  "windowGeometry": {
    "x": 0.0,
    "y": 0.0,
    "width": 1920.0,
    "height": 1032.0
  }
}