{
  "Docking": {
    "Data": [
      "DockSpace ID=0x8B93E3BD Window=0xA787BDB4 Pos=0,19 Size=32,32 CentralNode=1"
    ]
  },
  "MainWindow": {
    "GLOBAL": {
      "fps": "120",
      "height": "0",
      "maximized": "0",
      "style": "1",
      "userScale": "2",
      "width": "0",
      "xpos": "-32000",
      "ypos": "-32000"
    }
  },
  "Window": {
    "###/SmartDashboard/Auto Mode": {
      "Collapsed": "0",
      "Pos": "60,60",
      "Size": "46,32"
    },
    "###/SmartDashboard/Autonomous Command": {
      "Collapsed": "0",
      "Pos": "28,118",
      "Size": "46,32"
    },
    "###/SmartDashboard/Field": {
      "Collapsed": "0",
      "Pos": "347,384",
      "Size": "400,200"
    },
    "###NetworkTables": {
      "Collapsed": "0",
      "Pos": "-46,243",
      "Size": "750,223"
    },
    "###NetworkTables Settings": {
      "Collapsed": "0",
      "Pos": "347,53",
      "Size": "46,32"
    },
    "Debug##Default": {
      "Collapsed": "0",
      "Pos": "60,60",
      "Size": "400,400"
    },
    "DockSpaceViewport_11111111": {
      "Collapsed": "0",
      "Pos": "0,19",
      "Size": "32,32"
    }
  }
}
