{
  "Docking": {
    "Data": [
      "DockSpace ID=0x8B93E3BD Window=0xA787BDB4 Pos=0,19 Size=1024,749 CentralNode=1"
    ]
  },
  "MainWindow": {
    "GLOBAL": {
      "fps": "120",
      "height": "768",
      "maximized": "0",
      "style": "1",
      "userScale": "2",
      "width": "1024",
      "xpos": "543",
      "ypos": "183"
    }
  },
  "Window": {
    "###/SmartDashboard/Auto Mode": {
      "Collapsed": "0",
      "Pos": "15,457",
      "Size": "254,54"
    },
    "###/SmartDashboard/Autonomous Command": {
      "Collapsed": "0",
      "Pos": "15,519",
      "Size": "123,65"
    },
    "###/SmartDashboard/Field": {
      "Collapsed": "0",
      "Pos": "296,122",
      "Size": "672,549"
    },
    "###NetworkTables": {
      "Collapsed": "0",
      "Pos": "97,210",
      "Size": "750,223"
    },
    "###NetworkTables Settings": {
      "Collapsed": "0",
      "Pos": "30,30",
      "Size": "329,169"
    },
    "###Plot <0>": {
      "Collapsed": "0",
      "Pos": "60,60",
      "Size": "700,400"
    },
    "Debug##Default": {
      "Collapsed": "0",
      "Pos": "60,60",
      "Size": "400,400"
    },
    "DockSpaceViewport_11111111": {
      "Collapsed": "0",
      "Pos": "0,19",
      "Size": "1024,749"
    }
  }
}
