{
  "NetworkTables": {
    "Transitory Values": {
      "open": false
    },
    "transitory": {
      "FMSInfo": {
        "open": true
      },
      "LiveWindow": {
        "open": true
      },
      "Shuffleboard": {
        "open": true
      },
      "SmartDashboard": {
        "open": true
      }
    },
    "types": {
      "/FMSInfo": "FMSInfo",
      "/SmartDashboard/Auto Mode": "String Chooser",
      "/SmartDashboard/Autonomous Command": "Command",
      "/SmartDashboard/Field": "Field2d"
    },
    "windows": {
      "/SmartDashboard/Auto Mode": {
        "window": {
          "visible": true
        }
      },
      "/SmartDashboard/Autonomous Command": {
        "window": {
          "visible": true
        }
      },
      "/SmartDashboard/Field": {
        "Robot": {
          "arrowSize": 14,
          "color": [
            0.0,
            0.0,
            255.0,
            255.0
          ]
        },
        "height": 8.013679504394531,
        "image": "C:\\Users\\Administrator\\FRCProjects\\2023-field.png",
        "units": "feet",
        "width": 16.541748046875,
        "window": {
          "name": "2023 Charged Up",
          "visible": true
        }
      }
    }
  },
  "NetworkTables Settings": {
    "mode": "Client (NT4)",
    "serverTeam": "localhost"
  },
  "Plots": {
    "Plot <0>": {
      "window": {
        "visible": false
      }
    }
  }
}
